,Date,Title,Author,Ranking,Year,Month,List
0,2019-01-01,The Reckoning,John Grisham,1,2019,1,combined-print-and-e-book-fiction
1,2019-01-01,Every Breath,Nicholas Sparks,2,2019,1,combined-print-and-e-book-fiction
2,2019-01-01,Fire And Blood,George R.R. Martin,3,2019,1,combined-print-and-e-book-fiction
3,2019-01-01,Where The Crawdads Sing,Delia Owens,4,2019,1,combined-print-and-e-book-fiction
4,2019-01-01,Target: Alex Cross,James Patterson,5,2019,1,combined-print-and-e-book-fiction
5,2019-01-01,A Dog'S Way Home,W. Bruce Cameron,6,2019,1,combined-print-and-e-book-fiction
6,2019-01-01,Past Tense,Lee Child,7,2019,1,combined-print-and-e-book-fiction
7,2019-01-01,The Tattooist Of Auschwitz,Heather Morris,8,2019,1,combined-print-and-e-book-fiction
8,2019-01-01,Long Road To Mercy,David Baldacci,9,2019,1,combined-print-and-e-book-fiction
9,2019-01-01,Nine Perfect Strangers,Liane Moriarty,10,2019,1,combined-print-and-e-book-fiction
10,2019-01-01,The Next Person You Meet In Heaven,Mitch Albom,11,2019,1,combined-print-and-e-book-fiction
11,2019-01-01,Safe And Sound,Fern Michaels,12,2019,1,combined-print-and-e-book-fiction
12,2019-01-01,Milk And Honey,Rupi Kaur,13,2019,1,combined-print-and-e-book-fiction
13,2019-01-01,Elevation,Stephen King,14,2019,1,combined-print-and-e-book-fiction
14,2019-01-01,Tom Clancy: Oath Of Office,Marc Cameron,15,2019,1,combined-print-and-e-book-fiction
15,2019-02-01,Where The Crawdads Sing,Delia Owens,1,2019,2,combined-print-and-e-book-fiction
16,2019-02-01,Liar Liar,James Patterson and Candice Fox,2,2019,2,combined-print-and-e-book-fiction
17,2019-02-01,The Tattooist Of Auschwitz,Heather Morris,3,2019,2,combined-print-and-e-book-fiction
18,2019-02-01,The Reckoning,John Grisham,4,2019,2,combined-print-and-e-book-fiction
19,2019-02-01,Turning Point,Danielle Steel,5,2019,2,combined-print-and-e-book-fiction
20,2019-02-01,An Anonymous Girl,Greer Hendricks and Sarah Pekkanen,6,2019,2,combined-print-and-e-book-fiction
21,2019-02-01,Deal With The Devil,Meghan March,7,2019,2,combined-print-and-e-book-fiction
22,2019-02-01,Eleanor Oliphant Is Completely Fine,Gail Honeyman,8,2019,2,combined-print-and-e-book-fiction
23,2019-02-01,A Dog'S Way Home,W. Bruce Cameron,9,2019,2,combined-print-and-e-book-fiction
24,2019-02-01,The House Next Door,James Patterson,10,2019,2,combined-print-and-e-book-fiction
25,2019-02-01,Summoned To The Thirteenth Grave,Darynda Jones,11,2019,2,combined-print-and-e-book-fiction
26,2019-02-01,Securing Caite,Susan Stoker,12,2019,2,combined-print-and-e-book-fiction
27,2019-02-01,Nine Perfect Strangers,Liane Moriarty,13,2019,2,combined-print-and-e-book-fiction
28,2019-02-01,A Soldier'S Return,RaeAnne Thayne,14,2019,2,combined-print-and-e-book-fiction
29,2019-02-01,The New Iberia Blues,James Lee Burke,15,2019,2,combined-print-and-e-book-fiction
30,2019-03-01,Where The Crawdads Sing,Delia Owens,1,2019,3,combined-print-and-e-book-fiction
31,2019-03-01,The Tattooist Of Auschwitz,Heather Morris,2,2019,3,combined-print-and-e-book-fiction
32,2019-03-01,Connections In Death,J.D. Robb,3,2019,3,combined-print-and-e-book-fiction
33,2019-03-01,The Lost Girls Of Paris,Pam Jenoff,4,2019,3,combined-print-and-e-book-fiction
34,2019-03-01,The Silent Patient,Alex Michaelides,5,2019,3,combined-print-and-e-book-fiction
35,2019-03-01,The Wedding Guest,Jonathan Kellerman,6,2019,3,combined-print-and-e-book-fiction
36,2019-03-01,Eleanor Oliphant Is Completely Fine,Gail Honeyman,7,2019,3,combined-print-and-e-book-fiction
37,2019-03-01,An Anonymous Girl,Greer Hendricks and Sarah Pekkanen,8,2019,3,combined-print-and-e-book-fiction
38,2019-03-01,The Reckoning,John Grisham,9,2019,3,combined-print-and-e-book-fiction
39,2019-03-01,"Black Leopard, Red Wolf",Marlon James,10,2019,3,combined-print-and-e-book-fiction
40,2019-03-01,An American Marriage,Tayari Jones,11,2019,3,combined-print-and-e-book-fiction
41,2019-03-01,Luck Of The Devil,Meghan March,12,2019,3,combined-print-and-e-book-fiction
42,2019-03-01,Shelter For Quinn,Susan Stoker,13,2019,3,combined-print-and-e-book-fiction
43,2019-03-01,Fifty Fifty,James Patterson and Candice Fox,14,2019,3,combined-print-and-e-book-fiction
44,2019-03-01,Lilac Girls,Martha Hall Kelly,15,2019,3,combined-print-and-e-book-fiction
45,2019-04-01,Where The Crawdads Sing,Delia Owens,1,2019,4,combined-print-and-e-book-fiction
46,2019-04-01,Run Away,Harlan Coben,2,2019,4,combined-print-and-e-book-fiction
47,2019-04-01,Celtic Empire,Clive Cussler and Dirk Cussler,3,2019,4,combined-print-and-e-book-fiction
48,2019-04-01,The First Lady,James Patterson and Brendan DuBois,4,2019,4,combined-print-and-e-book-fiction
49,2019-04-01,The Woman In The Window,A.J. Finn,5,2019,4,combined-print-and-e-book-fiction
50,2019-04-01,The Tattooist Of Auschwitz,Heather Morris,6,2019,4,combined-print-and-e-book-fiction
51,2019-04-01,Wolf Pack,C.J. Box,7,2019,4,combined-print-and-e-book-fiction
52,2019-04-01,The Lost Girls Of Paris,Pam Jenoff,8,2019,4,combined-print-and-e-book-fiction
53,2019-04-01,Cemetery Road,Greg Iles,9,2019,4,combined-print-and-e-book-fiction
54,2019-04-01,The Silent Patient,Alex Michaelides,10,2019,4,combined-print-and-e-book-fiction
55,2019-04-01,Daisy Jones & The Six,Taylor Jenkins Reid,11,2019,4,combined-print-and-e-book-fiction
56,2019-04-01,Eleanor Oliphant Is Completely Fine,Gail Honeyman,12,2019,4,combined-print-and-e-book-fiction
57,2019-04-01,The Fallen,David Baldacci,13,2019,4,combined-print-and-e-book-fiction
58,2019-04-01,Silent Night,Danielle Steel,14,2019,4,combined-print-and-e-book-fiction
59,2019-04-01,The Huntress,Kate Quinn,15,2019,4,combined-print-and-e-book-fiction
60,2019-05-01,Redemption,David Baldacci,1,2019,5,combined-print-and-e-book-fiction
61,2019-05-01,The Mister,E L James,2,2019,5,combined-print-and-e-book-fiction
62,2019-05-01,Where The Crawdads Sing,Delia Owens,3,2019,5,combined-print-and-e-book-fiction
63,2019-05-01,Normal People,Sally Rooney,4,2019,5,combined-print-and-e-book-fiction
64,2019-05-01,A Game Of Thrones,George R.R. Martin,5,2019,5,combined-print-and-e-book-fiction
65,2019-05-01,The Tattooist Of Auschwitz,Heather Morris,6,2019,5,combined-print-and-e-book-fiction
66,2019-05-01,The 13-Minute Murder,James Patterson,7,2019,5,combined-print-and-e-book-fiction
67,2019-05-01,The Woman In The Window,A.J. Finn,8,2019,5,combined-print-and-e-book-fiction
68,2019-05-01,The Overstory,Richard Powers,9,2019,5,combined-print-and-e-book-fiction
69,2019-05-01,Lost Roses,Martha Hall Kelly,10,2019,5,combined-print-and-e-book-fiction
70,2019-05-01,After,Anna Todd,11,2019,5,combined-print-and-e-book-fiction
71,2019-05-01,A Gentleman In Moscow,Amor Towles,12,2019,5,combined-print-and-e-book-fiction
72,2019-05-01,Someone Knows,Lisa Scottoline,13,2019,5,combined-print-and-e-book-fiction
73,2019-05-01,The Lost Girls Of Paris,Pam Jenoff,14,2019,5,combined-print-and-e-book-fiction
74,2019-05-01,Star Wars: Master & Apprentice,Claudia Gray,15,2019,5,combined-print-and-e-book-fiction
75,2019-06-01,Where The Crawdads Sing,Delia Owens,1,2019,6,combined-print-and-e-book-fiction
76,2019-06-01,The Night Window,Dean Koontz,2,2019,6,combined-print-and-e-book-fiction
77,2019-06-01,The 18Th Abduction,James Patterson and Maxine Paetro,3,2019,6,combined-print-and-e-book-fiction
78,2019-06-01,The Mister,E L James,4,2019,6,combined-print-and-e-book-fiction
79,2019-06-01,Past Tense,Lee Child,5,2019,6,combined-print-and-e-book-fiction
80,2019-06-01,Redemption,David Baldacci,6,2019,6,combined-print-and-e-book-fiction
81,2019-06-01,A Game Of Thrones,George R.R. Martin,7,2019,6,combined-print-and-e-book-fiction
82,2019-06-01,Blessing In Disguise,Danielle Steel,8,2019,6,combined-print-and-e-book-fiction
83,2019-06-01,Neon Prey,John Sandford,9,2019,6,combined-print-and-e-book-fiction
84,2019-06-01,The Never Game,Jeffery Deaver,10,2019,6,combined-print-and-e-book-fiction
85,2019-06-01,Sunset Beach,Mary Kay Andrews,11,2019,6,combined-print-and-e-book-fiction
86,2019-06-01,The Tattooist Of Auschwitz,Heather Morris,12,2019,6,combined-print-and-e-book-fiction
87,2019-06-01,Little Fires Everywhere,Celeste Ng,13,2019,6,combined-print-and-e-book-fiction
88,2019-06-01,The Guest Book,Sarah Blake,14,2019,6,combined-print-and-e-book-fiction
89,2019-06-01,The Unhoneymooners,Christina Lauren,15,2019,6,combined-print-and-e-book-fiction
90,2019-07-01,Summer Of '69,Elin Hilderbrand,1,2019,7,combined-print-and-e-book-fiction
91,2019-07-01,Where The Crawdads Sing,Delia Owens,2,2019,7,combined-print-and-e-book-fiction
92,2019-07-01,The Reckoning,John Grisham,3,2019,7,combined-print-and-e-book-fiction
93,2019-07-01,City Of Girls,Elizabeth Gilbert,4,2019,7,combined-print-and-e-book-fiction
94,2019-07-01,Mrs. Everything,Jennifer Weiner,5,2019,7,combined-print-and-e-book-fiction
95,2019-07-01,Before We Were Yours,Lisa Wingate,6,2019,7,combined-print-and-e-book-fiction
96,2019-07-01,Unsolved,James Patterson and David Ellis,7,2019,7,combined-print-and-e-book-fiction
97,2019-07-01,Little Fires Everywhere,Celeste Ng,8,2019,7,combined-print-and-e-book-fiction
98,2019-07-01,The Tattooist Of Auschwitz,Heather Morris,9,2019,7,combined-print-and-e-book-fiction
99,2019-07-01,Good Omens,Neil Gaiman and Terry Pratchett,10,2019,7,combined-print-and-e-book-fiction
100,2019-07-01,Tom Clancy: Enemy Contact,Mike Maden,11,2019,7,combined-print-and-e-book-fiction
101,2019-07-01,The Oracle,Clive Cussler and Robin Burcell,12,2019,7,combined-print-and-e-book-fiction
102,2019-07-01,Cottage By The Sea,Debbie Macomber,13,2019,7,combined-print-and-e-book-fiction
103,2019-07-01,There Goes My Heart,Bella Andre,14,2019,7,combined-print-and-e-book-fiction
104,2019-07-01,Past Tense,Lee Child,15,2019,7,combined-print-and-e-book-fiction
105,2019-08-01,The New Girl,Daniel Silva,1,2019,8,combined-print-and-e-book-fiction
106,2019-08-01,Where The Crawdads Sing,Delia Owens,2,2019,8,combined-print-and-e-book-fiction
107,2019-08-01,The Nickel Boys,Colson Whitehead,3,2019,8,combined-print-and-e-book-fiction
108,2019-08-01,The Adventure Zone: Murder On The Rockport Limited!,Clint McElroy et al. Illustrated by Carey Pietsch,4,2019,8,combined-print-and-e-book-fiction
109,2019-08-01,Under Currents,Nora Roberts,5,2019,8,combined-print-and-e-book-fiction
110,2019-08-01,Window On The Bay,Debbie Macomber,6,2019,8,combined-print-and-e-book-fiction
111,2019-08-01,Summer Of '69,Elin Hilderbrand,7,2019,8,combined-print-and-e-book-fiction
112,2019-08-01,The Reckoning,John Grisham,8,2019,8,combined-print-and-e-book-fiction
113,2019-08-01,Evvie Drake Starts Over,Linda Holmes,9,2019,8,combined-print-and-e-book-fiction
114,2019-08-01,Before We Were Yours,Lisa Wingate,10,2019,8,combined-print-and-e-book-fiction
115,2019-08-01,The Tattooist Of Auschwitz,Heather Morris,11,2019,8,combined-print-and-e-book-fiction
116,2019-08-01,Shamed,Linda Castillo,12,2019,8,combined-print-and-e-book-fiction
117,2019-08-01,Sold On A Monday,Kristina McMorris,13,2019,8,combined-print-and-e-book-fiction
118,2019-08-01,City Of Girls,Elizabeth Gilbert,14,2019,8,combined-print-and-e-book-fiction
119,2019-08-01,Little Fires Everywhere,Celeste Ng,15,2019,8,combined-print-and-e-book-fiction
120,2019-09-01,Where The Crawdads Sing,Delia Owens,1,2019,9,combined-print-and-e-book-fiction
121,2019-09-01,The Bitterroots,C.J. Box,2,2019,9,combined-print-and-e-book-fiction
122,2019-09-01,Contraband,Stuart Woods,3,2019,9,combined-print-and-e-book-fiction
123,2019-09-01,The Inn,James Patterson with Candice Fox,4,2019,9,combined-print-and-e-book-fiction
124,2019-09-01,The Art Of Racing In The Rain,Garth Stein,5,2019,9,combined-print-and-e-book-fiction
125,2019-09-01,Blood Truth,J.R. Ward,6,2019,9,combined-print-and-e-book-fiction
126,2019-09-01,One Good Deed,David Baldacci,7,2019,9,combined-print-and-e-book-fiction
127,2019-09-01,The Nickel Boys,Colson Whitehead,8,2019,9,combined-print-and-e-book-fiction
128,2019-09-01,The Turn Of The Key,Ruth Ware,9,2019,9,combined-print-and-e-book-fiction
129,2019-09-01,The New Girl,Daniel Silva,10,2019,9,combined-print-and-e-book-fiction
130,2019-09-01,Outfox,Sandra Brown,11,2019,9,combined-print-and-e-book-fiction
131,2019-09-01,The Wallflower Wager,Tessa Dare,12,2019,9,combined-print-and-e-book-fiction
132,2019-09-01,The Warning,James Patterson and Robison Wells,13,2019,9,combined-print-and-e-book-fiction
133,2019-09-01,The Tattooist Of Auschwitz,Heather Morris,14,2019,9,combined-print-and-e-book-fiction
134,2019-09-01,Little Fires Everywhere,Celeste Ng,15,2019,9,combined-print-and-e-book-fiction
135,2019-10-01,The Institute,Stephen King,1,2019,10,combined-print-and-e-book-fiction
136,2019-10-01,The Testaments,Margaret Atwood,2,2019,10,combined-print-and-e-book-fiction
137,2019-10-01,Where The Crawdads Sing,Delia Owens,3,2019,10,combined-print-and-e-book-fiction
138,2019-10-01,Land Of Wolves,Craig Johnson,4,2019,10,combined-print-and-e-book-fiction
139,2019-10-01,The Goldfinch,Donna Tartt,5,2019,10,combined-print-and-e-book-fiction
140,2019-10-01,The Handmaid'S Tale,Margaret Atwood,6,2019,10,combined-print-and-e-book-fiction
141,2019-10-01,It,Stephen King,7,2019,10,combined-print-and-e-book-fiction
142,2019-10-01,The Girl Who Lived Twice,David Lagercrantz,8,2019,10,combined-print-and-e-book-fiction
143,2019-10-01,Killer Instinct,James Patterson and Howard Roughan,9,2019,10,combined-print-and-e-book-fiction
144,2019-10-01,The Tattooist Of Auschwitz,Heather Morris,10,2019,10,combined-print-and-e-book-fiction
145,2019-10-01,The Stalking,Heather Graham,11,2019,10,combined-print-and-e-book-fiction
146,2019-10-01,Vendetta In Death,J.D. Robb,12,2019,10,combined-print-and-e-book-fiction
147,2019-10-01,A Little Hatred,Joe Abercrombie,13,2019,10,combined-print-and-e-book-fiction
148,2019-10-01,Before We Were Yours,Lisa Wingate,14,2019,10,combined-print-and-e-book-fiction
149,2019-10-01,The Titanic Secret,Clive Cussler and Jack Du Brul,15,2019,10,combined-print-and-e-book-fiction
150,2019-11-01,The Guardians,John Grisham,1,2019,11,combined-print-and-e-book-fiction
151,2019-11-01,Where The Crawdads Sing,Delia Owens,2,2019,11,combined-print-and-e-book-fiction
152,2019-11-01,The 19Th Christmas,James Patterson and Maxine Paetro,3,2019,11,combined-print-and-e-book-fiction
153,2019-11-01,"Olive, Again",Elizabeth Strout,4,2019,11,combined-print-and-e-book-fiction
154,2019-11-01,Stealth,Stuart Woods,5,2019,11,combined-print-and-e-book-fiction
155,2019-11-01,The Institute,Stephen King,6,2019,11,combined-print-and-e-book-fiction
156,2019-11-01,The Dutch House,Ann Patchett,7,2019,11,combined-print-and-e-book-fiction
157,2019-11-01,The Water Dancer,Ta-Nehisi Coates,8,2019,11,combined-print-and-e-book-fiction
158,2019-11-01,The Testaments,Margaret Atwood,9,2019,11,combined-print-and-e-book-fiction
159,2019-11-01,Bloody Genius,John Sandford,10,2019,11,combined-print-and-e-book-fiction
160,2019-11-01,The Giver Of Stars,Jojo Moyes,11,2019,11,combined-print-and-e-book-fiction
161,2019-11-01,Doctor Sleep,Stephen King,12,2019,11,combined-print-and-e-book-fiction
162,2019-11-01,Ninth House,Leigh Bardugo,13,2019,11,combined-print-and-e-book-fiction
163,2019-11-01,What Happens In Paradise,Elin Hilderbrand,14,2019,11,combined-print-and-e-book-fiction
164,2019-11-01,Vince Flynn: Lethal Agent,Kyle Mills,15,2019,11,combined-print-and-e-book-fiction
165,2019-12-01,Twisted Twenty-Six,Janet Evanovich,1,2019,12,combined-print-and-e-book-fiction
166,2019-12-01,Blue Moon,Lee Child,2,2019,12,combined-print-and-e-book-fiction
167,2019-12-01,The Guardians,John Grisham,3,2019,12,combined-print-and-e-book-fiction
168,2019-12-01,Where The Crawdads Sing,Delia Owens,4,2019,12,combined-print-and-e-book-fiction
169,2019-12-01,The Night Fire,Michael Connelly,5,2019,12,combined-print-and-e-book-fiction
170,2019-12-01,"Olive, Again",Elizabeth Strout,6,2019,12,combined-print-and-e-book-fiction
171,2019-12-01,The Dutch House,Ann Patchett,7,2019,12,combined-print-and-e-book-fiction
172,2019-12-01,The Giver Of Stars,Jojo Moyes,8,2019,12,combined-print-and-e-book-fiction
173,2019-12-01,The Institute,Stephen King,9,2019,12,combined-print-and-e-book-fiction
174,2019-12-01,The 19Th Christmas,James Patterson and Maxine Paetro,10,2019,12,combined-print-and-e-book-fiction
175,2019-12-01,Michael Crichton: The Andromeda Evolution,Daniel H. Wilson,11,2019,12,combined-print-and-e-book-fiction
176,2019-12-01,The Family Upstairs,Lisa Jewell,12,2019,12,combined-print-and-e-book-fiction
177,2019-12-01,The Deserter,Nelson DeMille and Alex DeMille,13,2019,12,combined-print-and-e-book-fiction
178,2019-12-01,The Starless Sea,Erin Morgenstern,14,2019,12,combined-print-and-e-book-fiction
179,2019-12-01,The Testaments,Margaret Atwood,15,2019,12,combined-print-and-e-book-fiction
180,2020-01-01,Where The Crawdads Sing,Delia Owens,1,2020,1,combined-print-and-e-book-fiction
181,2020-01-01,The Guardians,John Grisham,2,2020,1,combined-print-and-e-book-fiction
182,2020-01-01,Criss Cross,James Patterson,3,2020,1,combined-print-and-e-book-fiction
183,2020-01-01,The Institute,Stephen King,4,2020,1,combined-print-and-e-book-fiction
184,2020-01-01,A Minute To Midnight,David Baldacci,5,2020,1,combined-print-and-e-book-fiction
185,2020-01-01,Blue Moon,Lee Child,6,2020,1,combined-print-and-e-book-fiction
186,2020-01-01,The Dutch House,Ann Patchett,7,2020,1,combined-print-and-e-book-fiction
187,2020-01-01,The Silent Patient,Alex Michaelides,8,2020,1,combined-print-and-e-book-fiction
188,2020-01-01,Twisted Twenty-Six,Janet Evanovich,9,2020,1,combined-print-and-e-book-fiction
189,2020-01-01,The Testaments,Margaret Atwood,10,2020,1,combined-print-and-e-book-fiction
190,2020-01-01,The Tattooist Of Auschwitz,Heather Morris,11,2020,1,combined-print-and-e-book-fiction
191,2020-01-01,The Giver Of Stars,Jojo Moyes,12,2020,1,combined-print-and-e-book-fiction
192,2020-01-01,The Overstory,Richard Powers,13,2020,1,combined-print-and-e-book-fiction
193,2020-01-01,"Olive, Again",Elizabeth Strout,14,2020,1,combined-print-and-e-book-fiction
194,2020-01-01,The Water Dancer,Ta-Nehisi Coates,15,2020,1,combined-print-and-e-book-fiction
195,2020-02-01,Where The Crawdads Sing,Delia Owens,1,2020,2,combined-print-and-e-book-fiction
196,2020-02-01,Lost,James Patterson and James O. Born,2,2020,2,combined-print-and-e-book-fiction
197,2020-02-01,The Last Wish,Andrzej Sapkowski,3,2020,2,combined-print-and-e-book-fiction
198,2020-02-01,The Guardians,John Grisham,4,2020,2,combined-print-and-e-book-fiction
199,2020-02-01,The Silent Patient,Alex Michaelides,5,2020,2,combined-print-and-e-book-fiction
200,2020-02-01,The Dutch House,Ann Patchett,6,2020,2,combined-print-and-e-book-fiction
201,2020-02-01,Dear Edward,Ann Napolitano,7,2020,2,combined-print-and-e-book-fiction
202,2020-02-01,Such A Fun Age,Kiley Reid,8,2020,2,combined-print-and-e-book-fiction
203,2020-02-01,The Giver Of Stars,Jojo Moyes,9,2020,2,combined-print-and-e-book-fiction
204,2020-02-01,The Outsider,Stephen King,10,2020,2,combined-print-and-e-book-fiction
205,2020-02-01,Moral Compass,Danielle Steel,11,2020,2,combined-print-and-e-book-fiction
206,2020-02-01,Little Fires Everywhere,Celeste Ng,12,2020,2,combined-print-and-e-book-fiction
207,2020-02-01,Before We Were Yours,Lisa Wingate,13,2020,2,combined-print-and-e-book-fiction
208,2020-02-01,Long Bright River,Liz Moore,14,2020,2,combined-print-and-e-book-fiction
209,2020-02-01,The Wives,Tarryn Fisher,15,2020,2,combined-print-and-e-book-fiction
210,2020-03-01,American Dirt,Jeanine Cummins,1,2020,3,combined-print-and-e-book-fiction
211,2020-03-01,Where The Crawdads Sing,Delia Owens,2,2020,3,combined-print-and-e-book-fiction
212,2020-03-01,Golden In Death,J.D. Robb,3,2020,3,combined-print-and-e-book-fiction
213,2020-03-01,Little Fires Everywhere,Celeste Ng,4,2020,3,combined-print-and-e-book-fiction
214,2020-03-01,The Silent Patient,Alex Michaelides,5,2020,3,combined-print-and-e-book-fiction
215,2020-03-01,Crooked River,Douglas Preston and Lincoln Child,6,2020,3,combined-print-and-e-book-fiction
216,2020-03-01,The Dutch House,Ann Patchett,7,2020,3,combined-print-and-e-book-fiction
217,2020-03-01,The Guardians,John Grisham,8,2020,3,combined-print-and-e-book-fiction
218,2020-03-01,The Outsider,Stephen King,9,2020,3,combined-print-and-e-book-fiction
219,2020-03-01,The Tattooist Of Auschwitz,Heather Morris,10,2020,3,combined-print-and-e-book-fiction
220,2020-03-01,The Last Wish,Andrzej Sapkowski,11,2020,3,combined-print-and-e-book-fiction
221,2020-03-01,The Giver Of Stars,Jojo Moyes,12,2020,3,combined-print-and-e-book-fiction
222,2020-03-01,A Long Petal Of The Sea,Isabel Allende,13,2020,3,combined-print-and-e-book-fiction
223,2020-03-01,Such A Fun Age,Kiley Reid,14,2020,3,combined-print-and-e-book-fiction
224,2020-03-01,Criss Cross,James Patterson,15,2020,3,combined-print-and-e-book-fiction
225,2020-04-01,The Boy From The Woods,Harlan Coben,1,2020,4,combined-print-and-e-book-fiction
226,2020-04-01,Little Fires Everywhere,Celeste Ng,2,2020,4,combined-print-and-e-book-fiction
227,2020-04-01,Smoke Bitten,Patricia Briggs,3,2020,4,combined-print-and-e-book-fiction
228,2020-04-01,Where The Crawdads Sing,Delia Owens,4,2020,4,combined-print-and-e-book-fiction
229,2020-04-01,Hit List,Stuart Woods,5,2020,4,combined-print-and-e-book-fiction
230,2020-04-01,American Dirt,Jeanine Cummins,6,2020,4,combined-print-and-e-book-fiction
231,2020-04-01,In Five Years,Rebecca Serle,7,2020,4,combined-print-and-e-book-fiction
232,2020-04-01,The Mirror & The Light,Hilary Mantel,8,2020,4,combined-print-and-e-book-fiction
233,2020-04-01,Star Wars: The Rise Of Skywalker,Rae Carson,9,2020,4,combined-print-and-e-book-fiction
234,2020-04-01,A Conspiracy Of Bones,Kathy Reichs,10,2020,4,combined-print-and-e-book-fiction
235,2020-04-01,Blindside,James Patterson and James O. Born,11,2020,4,combined-print-and-e-book-fiction
236,2020-04-01,Long Range,C.J. Box,12,2020,4,combined-print-and-e-book-fiction
237,2020-04-01,The Silent Patient,Alex Michaelides,13,2020,4,combined-print-and-e-book-fiction
238,2020-04-01,Journey Of The Pharaohs,Clive Cussler and Graham Brown,14,2020,4,combined-print-and-e-book-fiction
239,2020-04-01,The Tattooist Of Auschwitz,Heather Morris,15,2020,4,combined-print-and-e-book-fiction
240,2020-05-01,Masked Prey,John Sandford,1,2020,5,combined-print-and-e-book-fiction
241,2020-05-01,Little Fires Everywhere,Celeste Ng,2,2020,5,combined-print-and-e-book-fiction
242,2020-05-01,Where The Crawdads Sing,Delia Owens,3,2020,5,combined-print-and-e-book-fiction
243,2020-05-01,American Dirt,Jeanine Cummins,4,2020,5,combined-print-and-e-book-fiction
244,2020-05-01,The Silent Patient,Alex Michaelides,5,2020,5,combined-print-and-e-book-fiction
245,2020-05-01,The Last Emperox,John Scalzi,6,2020,5,combined-print-and-e-book-fiction
246,2020-05-01,The Boy From The Woods,Harlan Coben,7,2020,5,combined-print-and-e-book-fiction
247,2020-05-01,The Woman In The Window,A.J. Finn,8,2020,5,combined-print-and-e-book-fiction
248,2020-05-01,The Tattooist Of Auschwitz,Heather Morris,9,2020,5,combined-print-and-e-book-fiction
249,2020-05-01,Savage Son,Jack Carr,10,2020,5,combined-print-and-e-book-fiction
250,2020-05-01,In Five Years,Rebecca Serle,11,2020,5,combined-print-and-e-book-fiction
251,2020-05-01,The Giver Of Stars,Jojo Moyes,12,2020,5,combined-print-and-e-book-fiction
252,2020-05-01,The Dutch House,Ann Patchett,13,2020,5,combined-print-and-e-book-fiction
253,2020-05-01,The Glass Hotel,Emily St. John Mandel,14,2020,5,combined-print-and-e-book-fiction
254,2020-05-01,Redhead By The Side Of The Road,Anne Tyler,15,2020,5,combined-print-and-e-book-fiction
255,2020-06-01,Camino Winds,John Grisham,1,2020,6,combined-print-and-e-book-fiction
256,2020-06-01,Where The Crawdads Sing,Delia Owens,2,2020,6,combined-print-and-e-book-fiction
257,2020-06-01,Little Fires Everywhere,Celeste Ng,3,2020,6,combined-print-and-e-book-fiction
258,2020-06-01,Normal People,Sally Rooney,4,2020,6,combined-print-and-e-book-fiction
259,2020-06-01,Big Summer,Jennifer Weiner,5,2020,6,combined-print-and-e-book-fiction
260,2020-06-01,If It Bleeds,Stephen King,6,2020,6,combined-print-and-e-book-fiction
261,2020-06-01,Walk The Wire,David Baldacci,7,2020,6,combined-print-and-e-book-fiction
262,2020-06-01,The 20Th Victim,James Patterson and Maxine Paetro,8,2020,6,combined-print-and-e-book-fiction
263,2020-06-01,On Ocean Boulevard,Mary Alice Monroe,9,2020,6,combined-print-and-e-book-fiction
264,2020-06-01,American Dirt,Jeanine Cummins,10,2020,6,combined-print-and-e-book-fiction
265,2020-06-01,The Last Trial,Scott Turow,11,2020,6,combined-print-and-e-book-fiction
266,2020-06-01,Beach Read,Emily Henry,12,2020,6,combined-print-and-e-book-fiction
267,2020-06-01,Rodham,Curtis Sittenfeld,13,2020,6,combined-print-and-e-book-fiction
268,2020-06-01,All Adults Here,Emma Straub,14,2020,6,combined-print-and-e-book-fiction
269,2020-06-01,A Week At The Shore,Barbara Delinsky,15,2020,6,combined-print-and-e-book-fiction
270,2020-07-01,28 Summers,Elin Hilderbrand,1,2020,7,combined-print-and-e-book-fiction
271,2020-07-01,Where The Crawdads Sing,Delia Owens,2,2020,7,combined-print-and-e-book-fiction
272,2020-07-01,Camino Winds,John Grisham,3,2020,7,combined-print-and-e-book-fiction
273,2020-07-01,The Vanishing Half,Brit Bennett,4,2020,7,combined-print-and-e-book-fiction
274,2020-07-01,The Summer House,James Patterson and Brendan DuBois,5,2020,7,combined-print-and-e-book-fiction
275,2020-07-01,Little Fires Everywhere,Celeste Ng,6,2020,7,combined-print-and-e-book-fiction
276,2020-07-01,Fair Warning,Michael Connelly,7,2020,7,combined-print-and-e-book-fiction
277,2020-07-01,American Demon,Kim Harrison,8,2020,7,combined-print-and-e-book-fiction
278,2020-07-01,The Guardians,John Grisham,9,2020,7,combined-print-and-e-book-fiction
279,2020-07-01,The Guest List,Lucy Foley,10,2020,7,combined-print-and-e-book-fiction
280,2020-07-01,Deacon King Kong,James McBride,11,2020,7,combined-print-and-e-book-fiction
281,2020-07-01,Devolution,Max Brooks,12,2020,7,combined-print-and-e-book-fiction
282,2020-07-01,If It Bleeds,Stephen King,13,2020,7,combined-print-and-e-book-fiction
283,2020-07-01,Hideaway,Nora Roberts,14,2020,7,combined-print-and-e-book-fiction
284,2020-07-01,American Dirt,Jeanine Cummins,15,2020,7,combined-print-and-e-book-fiction
285,2020-08-01,The Order,Daniel Silva,1,2020,8,combined-print-and-e-book-fiction
286,2020-08-01,Peace Talks,Jim Butcher,2,2020,8,combined-print-and-e-book-fiction
287,2020-08-01,The Vanishing Half,Brit Bennett,3,2020,8,combined-print-and-e-book-fiction
288,2020-08-01,28 Summers,Elin Hilderbrand,4,2020,8,combined-print-and-e-book-fiction
289,2020-08-01,Where The Crawdads Sing,Delia Owens,5,2020,8,combined-print-and-e-book-fiction
290,2020-08-01,The Guest List,Lucy Foley,6,2020,8,combined-print-and-e-book-fiction
291,2020-08-01,Sex And Vanity,Kevin Kwan,7,2020,8,combined-print-and-e-book-fiction
292,2020-08-01,A Walk Along The Beach,Debbie Macomber,8,2020,8,combined-print-and-e-book-fiction
293,2020-08-01,The Guardians,John Grisham,9,2020,8,combined-print-and-e-book-fiction
294,2020-08-01,Little Fires Everywhere,Celeste Ng,10,2020,8,combined-print-and-e-book-fiction
295,2020-08-01,Camino Winds,John Grisham,11,2020,8,combined-print-and-e-book-fiction
296,2020-08-01,Cajun Justice,James Patterson and Tucker Axum III,12,2020,8,combined-print-and-e-book-fiction
297,2020-08-01,American Dirt,Jeanine Cummins,13,2020,8,combined-print-and-e-book-fiction
298,2020-08-01,Utopia Avenue,David Mitchell,14,2020,8,combined-print-and-e-book-fiction
299,2020-08-01,The Summer House,James Patterson and Brendan DuBois,15,2020,8,combined-print-and-e-book-fiction
300,2020-09-01,Royal,Danielle Steel,1,2020,9,combined-print-and-e-book-fiction
301,2020-09-01,Where The Crawdads Sing,Delia Owens,2,2020,9,combined-print-and-e-book-fiction
302,2020-09-01,The Jackal,J.R. Ward,3,2020,9,combined-print-and-e-book-fiction
303,2020-09-01,The Vanishing Half,Brit Bennett,4,2020,9,combined-print-and-e-book-fiction
304,2020-09-01,The Guest List,Lucy Foley,5,2020,9,combined-print-and-e-book-fiction
305,2020-09-01,Then She Was Gone,Lisa Jewell,6,2020,9,combined-print-and-e-book-fiction
306,2020-09-01,28 Summers,Elin Hilderbrand,7,2020,9,combined-print-and-e-book-fiction
307,2020-09-01,American Dirt,Jeanine Cummins,8,2020,9,combined-print-and-e-book-fiction
308,2020-09-01,Little Fires Everywhere,Celeste Ng,9,2020,9,combined-print-and-e-book-fiction
309,2020-09-01,The Midwife Murders,James Patterson and Richard DiLallo,10,2020,9,combined-print-and-e-book-fiction
310,2020-09-01,The Order,Daniel Silva,11,2020,9,combined-print-and-e-book-fiction
311,2020-09-01,1St Case,James Patterson and Chris Tebbetts,12,2020,9,combined-print-and-e-book-fiction
312,2020-09-01,The Guardians,John Grisham,13,2020,9,combined-print-and-e-book-fiction
313,2020-09-01,The Silent Patient,Alex Michaelides,14,2020,9,combined-print-and-e-book-fiction
314,2020-09-01,Near Dark,Brad Thor,15,2020,9,combined-print-and-e-book-fiction
315,2020-10-01,The Evening And The Morning,Ken Follett,1,2020,10,combined-print-and-e-book-fiction
316,2020-10-01,Vince Flynn: Total Power,Kyle Mills,2,2020,10,combined-print-and-e-book-fiction
317,2020-10-01,Troubled Blood,Robert Galbraith,3,2020,10,combined-print-and-e-book-fiction
318,2020-10-01,To Sleep In A Sea Of Stars,Christopher Paolini,4,2020,10,combined-print-and-e-book-fiction
319,2020-10-01,Shadows In Death,J.D. Robb,5,2020,10,combined-print-and-e-book-fiction
320,2020-10-01,Anxious People,Fredrik Backman,6,2020,10,combined-print-and-e-book-fiction
321,2020-10-01,The Vanishing Half,Brit Bennett,7,2020,10,combined-print-and-e-book-fiction
322,2020-10-01,All The Devils Are Here,Louise Penny,8,2020,10,combined-print-and-e-book-fiction
323,2020-10-01,Piranesi,Susanna Clarke,9,2020,10,combined-print-and-e-book-fiction
324,2020-10-01,One By One,Ruth Ware,10,2020,10,combined-print-and-e-book-fiction
325,2020-10-01,Where The Crawdads Sing,Delia Owens,11,2020,10,combined-print-and-e-book-fiction
326,2020-10-01,The Harbinger Ii,Jonathan Cahn,12,2020,10,combined-print-and-e-book-fiction
327,2020-10-01,The Guest List,Lucy Foley,13,2020,10,combined-print-and-e-book-fiction
328,2020-10-01,Squeeze Me,Carl Hiaasen,14,2020,10,combined-print-and-e-book-fiction
329,2020-10-01,Fifty Words For Rain,Asha Lemmie,15,2020,10,combined-print-and-e-book-fiction
330,2020-11-01,A Time For Mercy,John Grisham,1,2020,11,combined-print-and-e-book-fiction
331,2020-11-01,The Return,Nicholas Sparks,2,2020,11,combined-print-and-e-book-fiction
332,2020-11-01,The Searcher,Tana French,3,2020,11,combined-print-and-e-book-fiction
333,2020-11-01,The Evening And The Morning,Ken Follett,4,2020,11,combined-print-and-e-book-fiction
334,2020-11-01,Troubles In Paradise,Elin Hilderbrand,5,2020,11,combined-print-and-e-book-fiction
335,2020-11-01,The Book Of Two Ways,Jodi Picoult,6,2020,11,combined-print-and-e-book-fiction
336,2020-11-01,The Invisible Life Of Addie Larue,V.E. Schwab,7,2020,11,combined-print-and-e-book-fiction
337,2020-11-01,Return To Virgin River,Robyn Carr,8,2020,11,combined-print-and-e-book-fiction
338,2020-11-01,Jingle All The Way,Debbie Macomber,9,2020,11,combined-print-and-e-book-fiction
339,2020-11-01,Invisible Girl,Lisa Jewell,10,2020,11,combined-print-and-e-book-fiction
340,2020-11-01,Leave The World Behind,Rumaan Alam,11,2020,11,combined-print-and-e-book-fiction
341,2020-11-01,The Vanishing Half,Brit Bennett,12,2020,11,combined-print-and-e-book-fiction
342,2020-11-01,Anxious People,Fredrik Backman,13,2020,11,combined-print-and-e-book-fiction
343,2020-11-01,The Coast-To-Coast Murders,James Patterson and J.D. Barker,14,2020,11,combined-print-and-e-book-fiction
344,2020-11-01,Where The Crawdads Sing,Delia Owens,15,2020,11,combined-print-and-e-book-fiction
345,2020-12-01,Rhythm Of War,Brandon Sanderson,1,2020,12,combined-print-and-e-book-fiction
346,2020-12-01,Daylight,David Baldacci,2,2020,12,combined-print-and-e-book-fiction
347,2020-12-01,Home Body,Rupi Kaur,3,2020,12,combined-print-and-e-book-fiction
348,2020-12-01,The Law Of Innocence,Michael Connelly,4,2020,12,combined-print-and-e-book-fiction
349,2020-12-01,A Time For Mercy,John Grisham,5,2020,12,combined-print-and-e-book-fiction
350,2020-12-01,All That Glitters,Danielle Steel,6,2020,12,combined-print-and-e-book-fiction
351,2020-12-01,Tom Clancy: Shadow Of The Dragon,Marc Cameron,7,2020,12,combined-print-and-e-book-fiction
352,2020-12-01,The Sentinel,Lee Child and Andrew Child,8,2020,12,combined-print-and-e-book-fiction
353,2020-12-01,The Return,Nicholas Sparks,9,2020,12,combined-print-and-e-book-fiction
354,2020-12-01,Fortune And Glory,Janet Evanovich,10,2020,12,combined-print-and-e-book-fiction
355,2020-12-01,Piece Of My Heart,Mary Higgins Clark and Alafair Burke,11,2020,12,combined-print-and-e-book-fiction
356,2020-12-01,The Vanishing Half,Brit Bennett,12,2020,12,combined-print-and-e-book-fiction
357,2020-12-01,Anxious People,Fredrik Backman,13,2020,12,combined-print-and-e-book-fiction
358,2020-12-01,The Invisible Life Of Addie Larue,V.E. Schwab,14,2020,12,combined-print-and-e-book-fiction
359,2020-12-01,The Evening And The Morning,Ken Follett,15,2020,12,combined-print-and-e-book-fiction
360,2021-01-01,A Time For Mercy,John Grisham,1,2021,1,combined-print-and-e-book-fiction
361,2021-01-01,Deadly Cross,James Patterson,2,2021,1,combined-print-and-e-book-fiction
362,2021-01-01,Ready Player Two,Ernest Cline,3,2021,1,combined-print-and-e-book-fiction
363,2021-01-01,The Vanishing Half,Brit Bennett,4,2021,1,combined-print-and-e-book-fiction
364,2021-01-01,The Return,Nicholas Sparks,5,2021,1,combined-print-and-e-book-fiction
365,2021-01-01,Daylight,David Baldacci,6,2021,1,combined-print-and-e-book-fiction
366,2021-01-01,Where The Crawdads Sing,Delia Owens,7,2021,1,combined-print-and-e-book-fiction
367,2021-01-01,Home Body,Rupi Kaur,8,2021,1,combined-print-and-e-book-fiction
368,2021-01-01,The Sentinel,Lee Child and Andrew Child,9,2021,1,combined-print-and-e-book-fiction
369,2021-01-01,The Law Of Innocence,Michael Connelly,10,2021,1,combined-print-and-e-book-fiction
370,2021-01-01,The Midnight Library,Matt Haig,11,2021,1,combined-print-and-e-book-fiction
371,2021-01-01,The Awakening,Nora Roberts,12,2021,1,combined-print-and-e-book-fiction
372,2021-01-01,Nypd Red 6,James Patterson and Marshall Karp,13,2021,1,combined-print-and-e-book-fiction
373,2021-01-01,Fortune And Glory,Janet Evanovich,14,2021,1,combined-print-and-e-book-fiction
374,2021-01-01,Anxious People,Fredrik Backman,15,2021,1,combined-print-and-e-book-fiction
375,2021-02-01,The Duke And I,Julia Quinn,1,2021,2,combined-print-and-e-book-fiction
376,2021-02-01,Before She Disappeared,Lisa Gardner,2,2021,2,combined-print-and-e-book-fiction
377,2021-02-01,The Vanishing Half,Brit Bennett,3,2021,2,combined-print-and-e-book-fiction
378,2021-02-01,The Midnight Library,Matt Haig,4,2021,2,combined-print-and-e-book-fiction
379,2021-02-01,The Invisible Life Of Addie Larue,V.E. Schwab,5,2021,2,combined-print-and-e-book-fiction
380,2021-02-01,The Push,Ashley Audrain,6,2021,2,combined-print-and-e-book-fiction
381,2021-02-01,Neighbors,Danielle Steel,7,2021,2,combined-print-and-e-book-fiction
382,2021-02-01,Where The Crawdads Sing,Delia Owens,8,2021,2,combined-print-and-e-book-fiction
383,2021-02-01,Anxious People,Fredrik Backman,9,2021,2,combined-print-and-e-book-fiction
384,2021-02-01,Firefly Lane,Kristin Hannah,10,2021,2,combined-print-and-e-book-fiction
385,2021-02-01,A Time For Mercy,John Grisham,11,2021,2,combined-print-and-e-book-fiction
386,2021-02-01,The Viscount Who Loved Me,Julia Quinn,12,2021,2,combined-print-and-e-book-fiction
387,2021-02-01,The Scorpion'S Tail,Douglas Preston and Lincoln Child,13,2021,2,combined-print-and-e-book-fiction
388,2021-02-01,News Of The World,Paulette Jiles,14,2021,2,combined-print-and-e-book-fiction
389,2021-02-01,The Dutch House,Ann Patchett,15,2021,2,combined-print-and-e-book-fiction
390,2021-03-01,A Court Of Silver Flames,Sarah J. Maas,1,2021,3,combined-print-and-e-book-fiction
391,2021-03-01,The Four Winds,Kristin Hannah,2,2021,3,combined-print-and-e-book-fiction
392,2021-03-01,Firefly Lane,Kristin Hannah,3,2021,3,combined-print-and-e-book-fiction
393,2021-03-01,Relentless,Mark Greaney,4,2021,3,combined-print-and-e-book-fiction
394,2021-03-01,The Duke And I,Julia Quinn,5,2021,3,combined-print-and-e-book-fiction
395,2021-03-01,Missing And Endangered,J.A. Jance,6,2021,3,combined-print-and-e-book-fiction
396,2021-03-01,The Midnight Library,Matt Haig,7,2021,3,combined-print-and-e-book-fiction
397,2021-03-01,The Vanishing Half,Brit Bennett,8,2021,3,combined-print-and-e-book-fiction
398,2021-03-01,The Sanatorium,Sarah Pearse,9,2021,3,combined-print-and-e-book-fiction
399,2021-03-01,Faithless In Death,J.D. Robb,10,2021,3,combined-print-and-e-book-fiction
400,2021-03-01,The Viscount Who Loved Me,Julia Quinn,11,2021,3,combined-print-and-e-book-fiction
401,2021-03-01,The Russian,James Patterson and James O. Born,12,2021,3,combined-print-and-e-book-fiction
402,2021-03-01,The Invisible Life Of Addie Larue,V.E. Schwab,13,2021,3,combined-print-and-e-book-fiction
403,2021-03-01,Romancing Mister Bridgerton,Julia Quinn,14,2021,3,combined-print-and-e-book-fiction
404,2021-03-01,Where The Crawdads Sing,Delia Owens,15,2021,3,combined-print-and-e-book-fiction
405,2021-04-01,Win,Harlan Coben,1,2021,4,combined-print-and-e-book-fiction
406,2021-04-01,Wild Sign,Patricia Briggs,2,2021,4,combined-print-and-e-book-fiction
407,2021-04-01,The Four Winds,Kristin Hannah,3,2021,4,combined-print-and-e-book-fiction
408,2021-04-01,Later,Stephen King,4,2021,4,combined-print-and-e-book-fiction
409,2021-04-01,The Midnight Library,Matt Haig,5,2021,4,combined-print-and-e-book-fiction
410,2021-04-01,Life After Death,Sister Souljah,6,2021,4,combined-print-and-e-book-fiction
411,2021-04-01,Klara And The Sun,Kazuo Ishiguro,7,2021,4,combined-print-and-e-book-fiction
412,2021-04-01,The Duke And I,Julia Quinn,8,2021,4,combined-print-and-e-book-fiction
413,2021-04-01,The Rose Code,Kate Quinn,9,2021,4,combined-print-and-e-book-fiction
414,2021-04-01,We Begin At The End,Chris Whitaker,10,2021,4,combined-print-and-e-book-fiction
415,2021-04-01,Dark Sky,C.J. Box,11,2021,4,combined-print-and-e-book-fiction
416,2021-04-01,Camino Winds,John Grisham,12,2021,4,combined-print-and-e-book-fiction
417,2021-04-01,The Invisible Life Of Addie Larue,V.E. Schwab,13,2021,4,combined-print-and-e-book-fiction
418,2021-04-01,The Vanishing Half,Brit Bennett,14,2021,4,combined-print-and-e-book-fiction
419,2021-04-01,The Song Of Achilles,Madeline Miller,15,2021,4,combined-print-and-e-book-fiction
420,2021-05-01,Ocean Prey,John Sandford,1,2021,5,combined-print-and-e-book-fiction
421,2021-05-01,The Hill We Climb,Amanda Gorman,2,2021,5,combined-print-and-e-book-fiction
422,2021-05-01,The Devil'S Hand,Jack Carr,3,2021,5,combined-print-and-e-book-fiction
423,2021-05-01,The Four Winds,Kristin Hannah,4,2021,5,combined-print-and-e-book-fiction
424,2021-05-01,Where The Crawdads Sing,Delia Owens,5,2021,5,combined-print-and-e-book-fiction
425,2021-05-01,The Midnight Library,Matt Haig,6,2021,5,combined-print-and-e-book-fiction
426,2021-05-01,Stargazer,Anne Hillerman,7,2021,5,combined-print-and-e-book-fiction
427,2021-05-01,The Good Sister,Sally Hepworth,8,2021,5,combined-print-and-e-book-fiction
428,2021-05-01,The Red Book,James Patterson and David Ellis,9,2021,5,combined-print-and-e-book-fiction
429,2021-05-01,When The Stars Go Dark,Paula McLain,10,2021,5,combined-print-and-e-book-fiction
430,2021-05-01,The Song Of Achilles,Madeline Miller,11,2021,5,combined-print-and-e-book-fiction
431,2021-05-01,Win,Harlan Coben,12,2021,5,combined-print-and-e-book-fiction
432,2021-05-01,The Rose Code,Kate Quinn,13,2021,5,combined-print-and-e-book-fiction
433,2021-05-01,Later,Stephen King,14,2021,5,combined-print-and-e-book-fiction
434,2021-05-01,The Invisible Life Of Addie Larue,V.E. Schwab,15,2021,5,combined-print-and-e-book-fiction
435,2021-06-01,The Last Thing He Told Me,Laura Dave,1,2021,6,combined-print-and-e-book-fiction
436,2021-06-01,Sooley,John Grisham,2,2021,6,combined-print-and-e-book-fiction
437,2021-06-01,Project Hail Mary,Andy Weir,3,2021,6,combined-print-and-e-book-fiction
438,2021-06-01,Where The Crawdads Sing,Delia Owens,4,2021,6,combined-print-and-e-book-fiction
439,2021-06-01,21St Birthday,James Patterson and Maxine Paetro,5,2021,6,combined-print-and-e-book-fiction
440,2021-06-01,While Justice Sleeps,Stacey Abrams,6,2021,6,combined-print-and-e-book-fiction
441,2021-06-01,That Summer,Jennifer Weiner,7,2021,6,combined-print-and-e-book-fiction
442,2021-06-01,The Midnight Library,Matt Haig,8,2021,6,combined-print-and-e-book-fiction
443,2021-06-01,The Four Winds,Kristin Hannah,9,2021,6,combined-print-and-e-book-fiction
444,2021-06-01,People We Meet On Vacation,Emily Henry,10,2021,6,combined-print-and-e-book-fiction
445,2021-06-01,A Gambling Man,David Baldacci,11,2021,6,combined-print-and-e-book-fiction
446,2021-06-01,The Silent Patient,Alex Michaelides,12,2021,6,combined-print-and-e-book-fiction
447,2021-06-01,The Song Of Achilles,Madeline Miller,13,2021,6,combined-print-and-e-book-fiction
448,2021-06-01,The Plot,Jean Hanff Korelitz,14,2021,6,combined-print-and-e-book-fiction
449,2021-06-01,The Soulmate Equation,Christina Lauren,15,2021,6,combined-print-and-e-book-fiction
450,2021-07-01,The President'S Daughter,Bill Clinton and James Patterson,1,2021,7,combined-print-and-e-book-fiction
451,2021-07-01,The Maidens,Alex Michaelides,2,2021,7,combined-print-and-e-book-fiction
452,2021-07-01,The Last Thing He Told Me,Laura Dave,3,2021,7,combined-print-and-e-book-fiction
453,2021-07-01,Malibu Rising,Taylor Jenkins Reid,4,2021,7,combined-print-and-e-book-fiction
454,2021-07-01,Golden Girl,Elin Hilderbrand,5,2021,7,combined-print-and-e-book-fiction
455,2021-07-01,Where The Crawdads Sing,Delia Owens,6,2021,7,combined-print-and-e-book-fiction
456,2021-07-01,Sooley,John Grisham,7,2021,7,combined-print-and-e-book-fiction
457,2021-07-01,The Midnight Library,Matt Haig,8,2021,7,combined-print-and-e-book-fiction
458,2021-07-01,Project Hail Mary,Andy Weir,9,2021,7,combined-print-and-e-book-fiction
459,2021-07-01,People We Meet On Vacation,Emily Henry,10,2021,7,combined-print-and-e-book-fiction
460,2021-07-01,The Silent Patient,Alex Michaelides,11,2021,7,combined-print-and-e-book-fiction
461,2021-07-01,The Song Of Achilles,Madeline Miller,12,2021,7,combined-print-and-e-book-fiction
462,2021-07-01,The Four Winds,Kristin Hannah,13,2021,7,combined-print-and-e-book-fiction
463,2021-07-01,The Other Black Girl,Zakiya Dalila Harris,14,2021,7,combined-print-and-e-book-fiction
464,2021-07-01,Million Dollar Demon,Kim Harrison,15,2021,7,combined-print-and-e-book-fiction
465,2021-08-01,The Cellist,Daniel Silva,1,2021,8,combined-print-and-e-book-fiction
466,2021-08-01,The Last Thing He Told Me,Laura Dave,2,2021,8,combined-print-and-e-book-fiction
467,2021-08-01,It'S Better This Way,Debbie Macomber,3,2021,8,combined-print-and-e-book-fiction
468,2021-08-01,People We Meet On Vacation,Emily Henry,4,2021,8,combined-print-and-e-book-fiction
469,2021-08-01,The Paper Palace,Miranda Cowley Heller,5,2021,8,combined-print-and-e-book-fiction
470,2021-08-01,Where The Crawdads Sing,Delia Owens,6,2021,8,combined-print-and-e-book-fiction
471,2021-08-01,A Time For Mercy,John Grisham,7,2021,8,combined-print-and-e-book-fiction
472,2021-08-01,Malibu Rising,Taylor Jenkins Reid,8,2021,8,combined-print-and-e-book-fiction
473,2021-08-01,The Midnight Library,Matt Haig,9,2021,8,combined-print-and-e-book-fiction
474,2021-08-01,The Seven Husbands Of Evelyn Hugo,Taylor Jenkins Reid,10,2021,8,combined-print-and-e-book-fiction
475,2021-08-01,It Ends With Us,Colleen Hoover,11,2021,8,combined-print-and-e-book-fiction
476,2021-08-01,Falling,T.J. Newman,12,2021,8,combined-print-and-e-book-fiction
477,2021-08-01,The President'S Daughter,Bill Clinton and James Patterson,13,2021,8,combined-print-and-e-book-fiction
478,2021-08-01,Project Hail Mary,Andy Weir,14,2021,8,combined-print-and-e-book-fiction
479,2021-08-01,The Song Of Achilles,Madeline Miller,15,2021,8,combined-print-and-e-book-fiction
480,2021-09-01,Bloodless,Douglas Preston and Lincoln Child,1,2021,9,combined-print-and-e-book-fiction
481,2021-09-01,Billy Summers,Stephen King,2,2021,9,combined-print-and-e-book-fiction
482,2021-09-01,Complications,Danielle Steel,3,2021,9,combined-print-and-e-book-fiction
483,2021-09-01,The Noise,James Patterson and J.D. Barker,4,2021,9,combined-print-and-e-book-fiction
484,2021-09-01,It Ends With Us,Colleen Hoover,5,2021,9,combined-print-and-e-book-fiction
485,2021-09-01,The Last Thing He Told Me,Laura Dave,6,2021,9,combined-print-and-e-book-fiction
486,2021-09-01,People We Meet On Vacation,Emily Henry,7,2021,9,combined-print-and-e-book-fiction
487,2021-09-01,The Seven Husbands Of Evelyn Hugo,Taylor Jenkins Reid,8,2021,9,combined-print-and-e-book-fiction
488,2021-09-01,Nine Perfect Strangers,Liane Moriarty,9,2021,9,combined-print-and-e-book-fiction
489,2021-09-01,The Song Of Achilles,Madeline Miller,10,2021,9,combined-print-and-e-book-fiction
490,2021-09-01,Where The Crawdads Sing,Delia Owens,11,2021,9,combined-print-and-e-book-fiction
491,2021-09-01,The Midnight Library,Matt Haig,12,2021,9,combined-print-and-e-book-fiction
492,2021-09-01,The Paper Palace,Miranda Cowley Heller,13,2021,9,combined-print-and-e-book-fiction
493,2021-09-01,Malibu Rising,Taylor Jenkins Reid,14,2021,9,combined-print-and-e-book-fiction
494,2021-09-01,The Guest List,Lucy Foley,15,2021,9,combined-print-and-e-book-fiction
495,2021-10-01,Apples Never Fall,Liane Moriarty,1,2021,10,combined-print-and-e-book-fiction
496,2021-10-01,Vince Flynn: Enemy At The Gates,Kyle Mills,2,2021,10,combined-print-and-e-book-fiction
497,2021-10-01,Harlem Shuffle,Colson Whitehead,3,2021,10,combined-print-and-e-book-fiction
498,2021-10-01,"Beautiful World, Where Are You",Sally Rooney,4,2021,10,combined-print-and-e-book-fiction
499,2021-10-01,It Ends With Us,Colleen Hoover,5,2021,10,combined-print-and-e-book-fiction
500,2021-10-01,The Last Thing He Told Me,Laura Dave,6,2021,10,combined-print-and-e-book-fiction
501,2021-10-01,Forgotten In Death,J.D. Robb,7,2021,10,combined-print-and-e-book-fiction
502,2021-10-01,Billy Summers,Stephen King,8,2021,10,combined-print-and-e-book-fiction
503,2021-10-01,A Slow Fire Burning,Paula Hawkins,9,2021,10,combined-print-and-e-book-fiction
504,2021-10-01,The Seven Husbands Of Evelyn Hugo,Taylor Jenkins Reid,10,2021,10,combined-print-and-e-book-fiction
505,2021-10-01,The Love Hypothesis,Ali Hazelwood,11,2021,10,combined-print-and-e-book-fiction
506,2021-10-01,The Midnight Library,Matt Haig,12,2021,10,combined-print-and-e-book-fiction
507,2021-10-01,The Wisdom Of Crowds,Joe Abercrombie,13,2021,10,combined-print-and-e-book-fiction
508,2021-10-01,People We Meet On Vacation,Emily Henry,14,2021,10,combined-print-and-e-book-fiction
509,2021-10-01,Empire Of The Vampire,Jay Kristoff,15,2021,10,combined-print-and-e-book-fiction
510,2021-11-01,The Judge'S List,John Grisham,1,2021,11,combined-print-and-e-book-fiction
511,2021-11-01,The Lincoln Highway,Amor Towles,2,2021,11,combined-print-and-e-book-fiction
512,2021-11-01,The Wish,Nicholas Sparks,3,2021,11,combined-print-and-e-book-fiction
513,2021-11-01,State Of Terror,Hillary Rodham Clinton and Louise Penny,4,2021,11,combined-print-and-e-book-fiction
514,2021-11-01,It Ends With Us,Colleen Hoover,5,2021,11,combined-print-and-e-book-fiction
515,2021-11-01,Dune,Frank Herbert,6,2021,11,combined-print-and-e-book-fiction
516,2021-11-01,Apples Never Fall,Liane Moriarty,7,2021,11,combined-print-and-e-book-fiction
517,2021-11-01,Dear Santa,Debbie Macomber,8,2021,11,combined-print-and-e-book-fiction
518,2021-11-01,Cloud Cuckoo Land,Anthony Doerr,9,2021,11,combined-print-and-e-book-fiction
519,2021-11-01,Oh William!,Elizabeth Strout,10,2021,11,combined-print-and-e-book-fiction
520,2021-11-01,The Seven Husbands Of Evelyn Hugo,Taylor Jenkins Reid,11,2021,11,combined-print-and-e-book-fiction
521,2021-11-01,The Last Thing He Told Me,Laura Dave,12,2021,11,combined-print-and-e-book-fiction
522,2021-11-01,The Love Hypothesis,Ali Hazelwood,13,2021,11,combined-print-and-e-book-fiction
523,2021-11-01,Silverview,John Le Carr√©,14,2021,11,combined-print-and-e-book-fiction
524,2021-11-01,Over My Dead Body,Jeffrey Archer,15,2021,11,combined-print-and-e-book-fiction
525,2021-12-01,Mercy,David Baldacci,1,2021,12,combined-print-and-e-book-fiction
526,2021-12-01,The Judge'S List,John Grisham,2,2021,12,combined-print-and-e-book-fiction
527,2021-12-01,The Dark Hours,Michael Connelly,3,2021,12,combined-print-and-e-book-fiction
528,2021-12-01,The Stranger In The Lifeboat,Mitch Albom,4,2021,12,combined-print-and-e-book-fiction
529,2021-12-01,The Lincoln Highway,Amor Towles,5,2021,12,combined-print-and-e-book-fiction
530,2021-12-01,Clive Cussler'S The Devil'S Sea,Dirk Cussler,6,2021,12,combined-print-and-e-book-fiction
531,2021-12-01,Tom Clancy: Chain Of Command,Marc Cameron,7,2021,12,combined-print-and-e-book-fiction
532,2021-12-01,The Wish,Nicholas Sparks,8,2021,12,combined-print-and-e-book-fiction
533,2021-12-01,Better Off Dead,Lee Child and Andrew Child,9,2021,12,combined-print-and-e-book-fiction
534,2021-12-01,It Ends With Us,Colleen Hoover,10,2021,12,combined-print-and-e-book-fiction
535,2021-12-01,Termination Shock,Neal Stephenson,11,2021,12,combined-print-and-e-book-fiction
536,2021-12-01,Game On,Janet Evanovich,12,2021,12,combined-print-and-e-book-fiction
537,2021-12-01,Never,Ken Follett,13,2021,12,combined-print-and-e-book-fiction
538,2021-12-01,The Seven Husbands Of Evelyn Hugo,Taylor Jenkins Reid,14,2021,12,combined-print-and-e-book-fiction
539,2021-12-01,Guild Boss,Jayne Castle,15,2021,12,combined-print-and-e-book-fiction
540,2022-01-01,Call Us What We Carry,Amanda Gorman,1,2022,1,combined-print-and-e-book-fiction
541,2022-01-01,The Judge'S List,John Grisham,2,2022,1,combined-print-and-e-book-fiction
542,2022-01-01,The Lincoln Highway,Amor Towles,3,2022,1,combined-print-and-e-book-fiction
543,2022-01-01,It Ends With Us,Colleen Hoover,4,2022,1,combined-print-and-e-book-fiction
544,2022-01-01,The Stranger In The Lifeboat,Mitch Albom,5,2022,1,combined-print-and-e-book-fiction
545,2022-01-01,Go Tell The Bees That I Am Gone,Diana Gabaldon,6,2022,1,combined-print-and-e-book-fiction
546,2022-01-01,The Wish,Nicholas Sparks,7,2022,1,combined-print-and-e-book-fiction
547,2022-01-01,Wish You Were Here,Jodi Picoult,8,2022,1,combined-print-and-e-book-fiction
548,2022-01-01,Fear No Evil,James Patterson,9,2022,1,combined-print-and-e-book-fiction
549,2022-01-01,Cloud Cuckoo Land,Anthony Doerr,10,2022,1,combined-print-and-e-book-fiction
550,2022-01-01,The Seven Husbands Of Evelyn Hugo,Taylor Jenkins Reid,11,2022,1,combined-print-and-e-book-fiction
551,2022-01-01,The Midnight Library,Matt Haig,12,2022,1,combined-print-and-e-book-fiction
552,2022-01-01,The Last Thing He Told Me,Laura Dave,13,2022,1,combined-print-and-e-book-fiction
553,2022-01-01,Verity,Colleen Hoover,14,2022,1,combined-print-and-e-book-fiction
554,2022-01-01,Where The Crawdads Sing,Delia Owens,15,2022,1,combined-print-and-e-book-fiction
555,2022-02-01,It Ends With Us,Colleen Hoover,1,2022,2,combined-print-and-e-book-fiction
556,2022-02-01,The Seven Husbands Of Evelyn Hugo,Taylor Jenkins Reid,2,2022,2,combined-print-and-e-book-fiction
557,2022-02-01,Verity,Colleen Hoover,3,2022,2,combined-print-and-e-book-fiction
558,2022-02-01,One Step Too Far,Lisa Gardner,4,2022,2,combined-print-and-e-book-fiction
559,2022-02-01,Ugly Love,Colleen Hoover,5,2022,2,combined-print-and-e-book-fiction
560,2022-02-01,The Maid,Nita Prose,6,2022,2,combined-print-and-e-book-fiction
561,2022-02-01,The Lincoln Highway,Amor Towles,7,2022,2,combined-print-and-e-book-fiction
562,2022-02-01,The Midnight Library,Matt Haig,8,2022,2,combined-print-and-e-book-fiction
563,2022-02-01,November 9,Colleen Hoover,9,2022,2,combined-print-and-e-book-fiction
564,2022-02-01,The Last Thing He Told Me,Laura Dave,10,2022,2,combined-print-and-e-book-fiction
565,2022-02-01,Lightning In A Mirror,Jayne Ann Krentz,11,2022,2,combined-print-and-e-book-fiction
566,2022-02-01,The Judge'S List,John Grisham,12,2022,2,combined-print-and-e-book-fiction
567,2022-02-01,Electric Idol,Katee Robert,13,2022,2,combined-print-and-e-book-fiction
568,2022-02-01,The Love Hypothesis,Ali Hazelwood,14,2022,2,combined-print-and-e-book-fiction
569,2022-02-01,Wish You Were Here,Jodi Picoult,15,2022,2,combined-print-and-e-book-fiction
570,2022-03-01,House Of Sky And Breath,Sarah J. Maas,1,2022,3,combined-print-and-e-book-fiction
571,2022-03-01,It Ends With Us,Colleen Hoover,2,2022,3,combined-print-and-e-book-fiction
572,2022-03-01,Diablo Mesa,Douglas Preston and Lincoln Child,3,2022,3,combined-print-and-e-book-fiction
573,2022-03-01,Sierra Six,Mark Greaney,4,2022,3,combined-print-and-e-book-fiction
574,2022-03-01,Verity,Colleen Hoover,5,2022,3,combined-print-and-e-book-fiction
575,2022-03-01,The Seven Husbands Of Evelyn Hugo,Taylor Jenkins Reid,6,2022,3,combined-print-and-e-book-fiction
576,2022-03-01,Abandoned In Death,J.D. Robb,7,2022,3,combined-print-and-e-book-fiction
577,2022-03-01,House Of Earth And Blood,Sarah J. Maas,8,2022,3,combined-print-and-e-book-fiction
578,2022-03-01,The Lincoln Highway,Amor Towles,9,2022,3,combined-print-and-e-book-fiction
579,2022-03-01,The Maid,Nita Prose,10,2022,3,combined-print-and-e-book-fiction
580,2022-03-01,Ugly Love,Colleen Hoover,11,2022,3,combined-print-and-e-book-fiction
581,2022-03-01,The Love Hypothesis,Ali Hazelwood,12,2022,3,combined-print-and-e-book-fiction
582,2022-03-01,The Midnight Library,Matt Haig,13,2022,3,combined-print-and-e-book-fiction
583,2022-03-01,The Christie Affair,Nina de Gramont,14,2022,3,combined-print-and-e-book-fiction
584,2022-03-01,The Last Thing He Told Me,Laura Dave,15,2022,3,combined-print-and-e-book-fiction
585,2022-04-01,The Match,Harlan Coben,1,2022,4,combined-print-and-e-book-fiction
586,2022-04-01,"Run, Rose, Run",Dolly Parton and James Patterson,2,2022,4,combined-print-and-e-book-fiction
587,2022-04-01,It Ends With Us,Colleen Hoover,3,2022,4,combined-print-and-e-book-fiction
588,2022-04-01,Verity,Colleen Hoover,4,2022,4,combined-print-and-e-book-fiction
589,2022-04-01,The Seven Husbands Of Evelyn Hugo,Taylor Jenkins Reid,5,2022,4,combined-print-and-e-book-fiction
590,2022-04-01,Shadows Reel,C.J. Box,6,2022,4,combined-print-and-e-book-fiction
591,2022-04-01,The Paris Apartment,Lucy Foley,7,2022,4,combined-print-and-e-book-fiction
592,2022-04-01,The Maid,Nita Prose,8,2022,4,combined-print-and-e-book-fiction
593,2022-04-01,Give Unto Others,Donna Leon,9,2022,4,combined-print-and-e-book-fiction
594,2022-04-01,The Kaiju Preservation Society,John Scalzi,10,2022,4,combined-print-and-e-book-fiction
595,2022-04-01,November 9,Colleen Hoover,11,2022,4,combined-print-and-e-book-fiction
596,2022-04-01,The Lightning Rod,Brad Meltzer,12,2022,4,combined-print-and-e-book-fiction
597,2022-04-01,Where The Crawdads Sing,Delia Owens,13,2022,4,combined-print-and-e-book-fiction
598,2022-04-01,The Love Hypothesis,Ali Hazelwood,14,2022,4,combined-print-and-e-book-fiction
599,2022-04-01,One Italian Summer,Rebecca Serle,15,2022,4,combined-print-and-e-book-fiction
